id,category/id,category/name/ca,category/name/es,category/name/oc,scope/id,scope/name/ca,scope/name/es,scope/name/oc,participatory_space/id,participatory_space/url,component/id,title/ca,title/es,title/oc,description/ca,description/es,description/oc,budget/id,budget_amount,confirmed_votes,comments,created_at,url,related_proposals,related_proposal_titles,related_proposal_urls,scope/name/en
5,2209,SENSIBILITZACIÓ,"","",17,Medi ambient,Medio ambiente,Miei ambient,197,http://participa.gencat.cat/processes/pressupparticipatiuTSAcat?participatory_process_slug=pressupparticipatiuTSAcat,2449,Organització d'accions complementàries a l'Exposició SomNatura,"","","<p><strong>Antecedents</strong>: S’ha detectat que a l’Exposició Som Natura, inaugurada recentment i allotjada al Museu de Ciències Naturals de Barcelona, es dóna molt poca visibilitat a la tasca que realitzen les entitats ambientals per a la conservació del medi ambient.&nbsp;</p><p><strong>Objectiu</strong>: En el marc de l’Exposició Som Natura es vol donar visibilitat a les accions de voluntariat ambiental organitzades per les entitats, com a una opció més d’implicació ciutadana per a la conservació de la natura.</p><p><strong>Accions relacionades: </strong>Organitzar un cicle d’activitats de voluntariat, exclusives per als visitants de l’Exposició, vinculades a l’àmbit 6 (Actuem) i 7 (Vols participar en projectes d’estudi de la diversitat natural?) de l’exposició. Les activitats tindran lloc entre maig i novembre de 2019.&nbsp;</p><p>Com a <strong>resultats</strong> d’aquesta activitat s’estima:&nbsp;</p><p>– Els visitants de l’exposició hauran conegut les tasques de les entitats ambientals per la conservació de la natura mitjançant el voluntariat ambiental.</p><p>– Els participants a les jornades de voluntariat hauran pogut contribuir a conservar la diversitat natural de Catalunya.</p><p><br></p>","","",6,14000,7,0,2019-02-20 10:30:17 +0100,http://participa.gencat.cat/processes/pressupparticipatiuTSAcat/f/2449/budgets/6/projects/5,"","","",
6,2209,SENSIBILITZACIÓ,"","",17,Medi ambient,Medio ambiente,Miei ambient,197,http://participa.gencat.cat/processes/pressupparticipatiuTSAcat?participatory_process_slug=pressupparticipatiuTSAcat,2449,Creació de podcasts adreçats a la ciutadania i entitats ambientals sobre temes d'actualitat ambiental,"","","<p>Publicació d’un programa setmanal, que estarà allotjat al web de la Secretaria de Medi Ambient i Sostenibilitat, amb l’objectiu de sensibilitzar a la ciutadania en relació a la conservació de la natura. Al&nbsp;mateix temps, vol donar a conèixer les iniciatives de les entitats ambientals de Catalunya, que tenen per finalitat canviar el nostre estil de vida a favor d’un major respecte pel medi ambient i la natura.</p>","","",6,14700,17,0,2019-02-20 10:39:29 +0100,http://participa.gencat.cat/processes/pressupparticipatiuTSAcat/f/2449/budgets/6/projects/6,"","","",
7,2210,RECURSOS I FORMACIÓ,"","",17,Medi ambient,Medio ambiente,Miei ambient,197,http://participa.gencat.cat/processes/pressupparticipatiuTSAcat?participatory_process_slug=pressupparticipatiuTSAcat,2449,"Elaboració d'una guia de models de gestió compartida de finques agràries i forestals per a la seva reconversió en centres agroecològics, culturals i educatius","","","<p>Creació d’una guia de model/s de gestió compartida de finques i explotacions agràries i forestals per facilitar la seva reconversió en centres agroecològics, culturals i educatius, que tinguin la preservació i millora de la biodiversitat i la sostenibilitat com a prioritat.&nbsp;</p><p>Acció que s'ha de relacionar amb el desenvolupament econòmic rural, i l’economia verda i circular. Aquesta guia hauria d’incloure també models reals d’èxit i unes sessions de formació territorials per a facilitar la divulgació i implementació de noves i innovadores propostes, per reforçar les iniciatives de conservació privada, cogestió i custòdia.</p><p><strong>Accions relacionades:</strong></p><p><span class=""ql-cursor"">﻿﻿﻿﻿</span>• Formació del grup de treball (multiprofessional), propietaris masovers i tècnics.</p><p>• Jornades de treball (fase participació)</p><p>• Jornada tècnica de presentació i debat oberta al públic.</p><p>• Redacció final disseny maquetació i presentació.</p><p><br></p>","","",6,12100,8,0,2019-02-20 10:39:56 +0100,http://participa.gencat.cat/processes/pressupparticipatiuTSAcat/f/2449/budgets/6/projects/7,"","","",
8,2210,RECURSOS I FORMACIÓ,"","",17,Medi ambient,Medio ambiente,Miei ambient,197,http://participa.gencat.cat/processes/pressupparticipatiuTSAcat?participatory_process_slug=pressupparticipatiuTSAcat,2449,"Elaboració d'un estudi sobre el perfil professional de l'educador ambiental i del guia de natura (perfil, funcions i competències)","","","<p><strong>El projecte proposat pretén fer un primer pas definint quin és el perfil professional de la professional dedicada a l’educació ambiental i al guiatge de natura, i tenint en compte les seves funcions, identificar quines són les competències claus que es requereixen per desenvolupar les seves tasques amb èxit.</strong></p><p>Tots els temes relacionats amb el medi ambient, preocupen a la societat, organitzacions i ens públics. Per aquest motiu és necessari que tinguem a persones preparades i formades per poder portar a terme projectes d'educació ambiental, professionals excel·lents en aquest sector.</p><p>Les preguntes que ens fem són: q<strong>uè és necessari per ser una professional excel·lent en el sector del medi ambient i sostenibilitat que es dedica a l’educació ambiental i guiatge de natura?</strong> Quines són les competències claus d’aquestes professionals? </p><p>Actualment, hi ha un buit en l'educació i formació d'aquest àmbit, així com en la definició d'aquests coneixements i quins serien els plans de desenvolupament i/o formatius per assolir aquestes competències. Necessitem que el futur col·lectiu professional de l'educació ambiental sigui capaç de portar a terme les seves tasques amb tots els coneixements necessaris. </p><p>&nbsp;</p>","","",6,14500,10,0,2019-02-20 10:40:24 +0100,http://participa.gencat.cat/processes/pressupparticipatiuTSAcat/f/2449/budgets/6/projects/8,"","","",
9,2210,RECURSOS I FORMACIÓ,"","",17,Medi ambient,Medio ambiente,Miei ambient,197,http://participa.gencat.cat/processes/pressupparticipatiuTSAcat?participatory_process_slug=pressupparticipatiuTSAcat,2449,Elaboració d'un estudi sobre la formació que s'ofereix i l'habilitació dels professionals educadors ambientals,"","","<p>Actualment hi ha una variada i creixent oferta formativa en temes d'educació ambiental. Aquest estudi vol analitzar el contingut d'aquesta formació i proposar accions de millora de cara a impulsar el reconeixement professional.&nbsp;</p><p><strong>Accions relacionades:</strong></p><ul><li><span class=""ql-cursor"">﻿﻿﻿﻿﻿﻿</span>Creació grup de treball i dinamització de sessions de treball del Departament Ensenyament i del Departament de Territori i Sostenibilitat amb professionals relacionats amb la temàtica</li><li> Buidatges curriculars d’educació ambiental en els&nbsp;perfils professionals de biologia, ambientals, pedagogia, magisteri i cicles formatius. </li><li>Elaboració de proposta d'habilitació, si s'escau, per a professionals. </li></ul><p><br></p><p><br></p>","","",6,9600,8,0,2019-02-20 10:40:56 +0100,http://participa.gencat.cat/processes/pressupparticipatiuTSAcat/f/2449/budgets/6/projects/9,"","","",
10,2210,RECURSOS I FORMACIÓ,"","",17,Medi ambient,Medio ambiente,Miei ambient,197,http://participa.gencat.cat/processes/pressupparticipatiuTSAcat?participatory_process_slug=pressupparticipatiuTSAcat,2449,Dinamització d'un Grup de Treball interdisciplinar i multiprofessional per revisar recursos educatius sobre patrimoni natural i biodiversitat a Catalunya,"","","<p>Creació d’un grup de treball interdisciplinar i multiprofessional per revisar els recursos educatius actuals sobre el patrimoni natural i la biodiversitat a Catalunya. Recerca de referents d'aquest tipus de recursos a nivell europeu.&nbsp;</p><p>Elaborar propostes metodològiques adreçades a&nbsp;actors prioritaris (docents/educadors-guies) per facilitar l'ús d'aquest recursos i la&nbsp;introducció d’iniciatives de ciència ciutadana sobre biodiversitat, aprenentatge servei i servei a la comunitat per a la conservació de la natura.&nbsp;</p><p><strong>Accions relacionades: </strong></p><p>• Revisió de l'educació ambiental i els criteris de qualitat:&nbsp;àmbits d’acció i recursos didàctics principals utilitzats.&nbsp;</p><p>• Redacció d'una categorització i fonamentació pedagògica i definició de línies estratègiques i desenvolupament metodològics.</p><p>• Posada en comú i validació.</p>","","",6,14800,13,0,2019-02-20 10:41:19 +0100,http://participa.gencat.cat/processes/pressupparticipatiuTSAcat/f/2449/budgets/6/projects/10,"","","",
11,2209,SENSIBILITZACIÓ,"","",17,Medi ambient,Medio ambiente,Miei ambient,197,http://participa.gencat.cat/processes/pressupparticipatiuTSAcat?participatory_process_slug=pressupparticipatiuTSAcat,2449,"Organització de  jornades i tallers per promoure, divulgar i dinamitzar projectes de ciència ciutadana.","","","<p>Promoure, divulgar i dinamitzar projectes de ciència ciutadana que&nbsp;enforteixin el Tercer Sector Ambiental, fent xarxa per a millorar la participació ciutadana individual i col·lectiva i fomentar el voluntariat per a la conservació de la natura.</p><p><strong>Accions relacionades:</strong></p><p>• Formació i dinamització amb trobades periòdiques d'un grup de treball (un membre de cada una dels programes de ciència ciutadana que es seleccionin) amb altres professionals de la temàtica. Sortides de camp acompanyats dels organitzadors.</p><p>• Organització de&nbsp;jornades territorials per a públic en general.</p><p>• Creació de document per a la divulgació a col·lectius/actors clau.</p>","","",6,14999,16,0,2019-02-20 10:41:43 +0100,http://participa.gencat.cat/processes/pressupparticipatiuTSAcat/f/2449/budgets/6/projects/11,"","","",
12,2210,RECURSOS I FORMACIÓ,"","",17,Medi ambient,Medio ambiente,Miei ambient,197,http://participa.gencat.cat/processes/pressupparticipatiuTSAcat?participatory_process_slug=pressupparticipatiuTSAcat,2449,Organització d'una formació i un assessorament sobre el servei comunitari adreçada a entitats ambientals. Disseny de projectes de servei comunitari,"","","<p>L'impuls del servei comunitari per a l'alumnat de secundària obligatòria és una acció que vol promoure que els alumnes experimentin i protagonitzin accions de compromís cívic, aprenguin en l'exercici actiu de la ciutadania, i posin en joc els seus coneixements i capacitats al servei de la comunitat.</p><p>El Servei comunitari, tal com s'estableix en el currículum de l'educació secundària, és una acció educativa que, de forma obligatòria, ha de realitzar tot l'alumnat a 3r o 4t d'ESO.&nbsp;</p><p>En aquests sentit, l'aprenentatge servei és una proposta educativa que combina processos d'aprenentatge i de servei a la comunitat en un sol projecte ben articulat en el qual els participants es formen tot treballant sobre necessitats reals de l'entorn amb l'objectiu de millorar-lo.</p><p><strong>Accions relacionades: </strong></p><p>• Organitzar sessions de formació sobre Aprenentatge Servei i Servei Comunitari Ambiental a les entitats</p><p>• Oferir un servei d'assessorament a les entitats per transformar les seves propostes educatives en projectes de SCAmbiental</p><p>• Divulgar les propostes de les entitats ambientals entre els centres educatius i els serveis territorials del Departament d'Educació</p><p>• Donar suport a les entitats ambientals en l'acompanyament a l'alumnat dels projectes de servei comunitari</p>","","",6,14999,8,0,2019-02-20 10:42:02 +0100,http://participa.gencat.cat/processes/pressupparticipatiuTSAcat/f/2449/budgets/6/projects/12,"","","",
13,2210,RECURSOS I FORMACIÓ,"","",17,Medi ambient,Medio ambiente,Miei ambient,197,http://participa.gencat.cat/processes/pressupparticipatiuTSAcat?participatory_process_slug=pressupparticipatiuTSAcat,2449,Elaboració d'una diagnosi i anàlisi  de la situació i condicions laborals dels educadors ambientals de Catalunya. Comparació amb altres països.,"","","<p>Per poder generar canvis significatius cap a la conservació del patrimoni natural cal una educació ambiental de qualitat i aquesta no podrà ser sense unes condicions laborals dignes.</p><p>Per això, es proposa fer una primera diagnosi de les condicions laborals que tenen els guies i els educadors ambientals: tipus de conveni, horaris, si són assalariats o autònoms, etc. i fer una publicació amb els resultats.&nbsp;</p><p>Aquesta proposta contemplaria, entre d'altres, fer una revisió de la documentació relacionada a nivell català i internacional i fer una anàlisi quantitativa i qualitativa, a través d'entrevistes personals a educadors i grups de discussió. </p>","","",6,14999,9,0,2019-02-20 10:42:23 +0100,http://participa.gencat.cat/processes/pressupparticipatiuTSAcat/f/2449/budgets/6/projects/13,"","","",
14,2209,SENSIBILITZACIÓ,"","",17,Medi ambient,Medio ambiente,Miei ambient,197,http://participa.gencat.cat/processes/pressupparticipatiuTSAcat?participatory_process_slug=pressupparticipatiuTSAcat,2449,Organització de jornades informatives adreçades a  afiliats dels sindicats i altres col·lectius amb capacitat de mobilització social en relació amb l'estratègia ÉsNatura.,"","","<p>Una aliança entre entitats i sindicats per tal de sensibilitzar sobre el Patrimoni Natural arribaria a un part important de la societat per la seva implicació en la conservació tal com marca l’estratègia per la biodiversitat.</p><p>Ja en el segle XIX el sindicalisme de Nova York es preocupava de la conservació del patrimoni natural perquè entenien que el món del treball i la salut va estretament lligat a la Natura.</p><p><strong>Accions relacionades: </strong></p><ul><li>Elaboració de documentació específica de comunicació de l'Estratègia</li><li>Incloure als butlletins sindicals i col·lectius articles específics</li><li>Parada amb documentació per repartir a les festes/assemblees de les organitzacions (per exemple, a la Festa de treball digne)</li><li>Oferta d'itineraris de natura i accions de conservació adreçades a aquests col.lectius durant la Setmana de la Natura </li></ul>","","",6,14999,6,0,2019-02-20 10:42:40 +0100,http://participa.gencat.cat/processes/pressupparticipatiuTSAcat/f/2449/budgets/6/projects/14,"","","",
15,2211,GOVERNANÇA,"","",17,Medi ambient,Medio ambiente,Miei ambient,197,http://participa.gencat.cat/processes/pressupparticipatiuTSAcat?participatory_process_slug=pressupparticipatiuTSAcat,2449,"Organització i dinamització de taules de participació territorials entre entitats ambientals, Parcs Naturals i ens locals","","","<p>El Pla Estratègic d'educació i voluntariat ambiental als parcs naturals de Catalunya contempla diferents instruments per establir, dinamitzar i formalitzar les relacions de col.laboració i coordinació entre els òrgans gestors dels Parcs Naturals o Espais Naturals de&nbsp;Protecció Especial (ENPE) i les entitats de voluntariat que actuen en l'àmbit dinfluència dels ENPE. Entre aquests instruments es planteja crear una taula de voluntariat per cada ENPE o grup territorial de ENPEs.&nbsp;</p><p><strong>Accions relacionades: </strong></p><p>• Diagnosi de la viabilitat de les Taules de Voluntariat a cada ENPE o grups territorials d’ENPEs: qui en formaria part, en quins casos caldria una Taula pròpia i en quins una Taula per un grup territorial d’ENPEs, etc.</p><p>• Constitució de 5 Taules de Voluntariat establint, per a cada una d’elles, un document marc amb els objectius, funcions,&nbsp;funcionament i el Pla de treball 2019-2020.</p><p>• Dinamització de les Taules a través de trobades periòdiques per avançar en les accions proposades.</p>","","",6,14999,11,0,2019-02-20 10:42:59 +0100,http://participa.gencat.cat/processes/pressupparticipatiuTSAcat/f/2449/budgets/6/projects/15,"","","",
16,2327,Baix Llobregat,"","",,"","","",383,http://participa.gencat.cat/processes/pressupostosparticipatiusFGC?participatory_process_slug=pressupostosparticipatiusFGC,3100,Modernitzar les oficines d’Enclavaments de Sant Boi,"","","<p>El projecte vol fer reformes a les oficines d’Enclavaments de Sant Boi, adequant-les a l’estàndard corporatiu de Ferrocarrils.<br></p>","","",11,39990,19,0,2021-06-09 13:08:56 +0200,http://participa.gencat.cat/processes/pressupostosparticipatiusFGC/f/3100/budgets/11/projects/16,"","","",""
18,2336,Vallès Occidental,"","",,"","","",383,http://participa.gencat.cat/processes/pressupostosparticipatiusFGC?participatory_process_slug=pressupostosparticipatiusFGC,3100,Millorar la zona de pàrquing de bicicletes i patinets del personal al Centre Operatiu de Rubí,"","","<p>El projecte vol crear o millorar la zona dels pàrquings dels personal del Centre Operatiu de Rubí, per aconseguir un lloc on poder aparcar bicicletes i patinets, amb presa de corrent per a poder recarregar bicis i patinets elèctrics, buscant la ubicació específica on es pugui dur a terme.</p>","","",11,20000,26,0,2021-06-10 10:21:04 +0200,http://participa.gencat.cat/processes/pressupostosparticipatiusFGC/f/3100/budgets/11/projects/18,"","","",""
19,2324,General,"","",,"","","",383,http://participa.gencat.cat/processes/pressupostosparticipatiusFGC?participatory_process_slug=pressupostosparticipatiusFGC,3100,Crear un tràmit a l’FGC Approp per atendre sol·licituds genèriques del personal,"","","<p>El projecte crearà un tràmit a l’aplicació interna FGC Approp similar al que ja existeix de ""Sol·licitud de certificats, documentació i IRPF“, per tal de fer una “Sol·licitud genèrica“,&nbsp;la gestió de la qual anirà igual que el tràmit reaprofitat.</p>","","",11,15000,74,0,2021-06-10 10:24:08 +0200,http://participa.gencat.cat/processes/pressupostosparticipatiusFGC/f/3100/budgets/11/projects/19,"","","",""
20,2336,Vallès Occidental,"","",,"","","",383,http://participa.gencat.cat/processes/pressupostosparticipatiusFGC?participatory_process_slug=pressupostosparticipatiusFGC,3100,Millorar la il·luminació al túnel d’accés des de l’estació de Rubí al Centre Operatiu de Rubí,"","","<p>El projecte vol mesurar les parts on es necessita millorar la il·luminació i, en funció dels resultats, es reforçaran el punts febles.</p>","","",11,15000,35,0,2021-06-10 10:25:42 +0200,http://participa.gencat.cat/processes/pressupostosparticipatiusFGC/f/3100/budgets/11/projects/20,"","","",""
21,2336,Vallès Occidental,"","",,"","","",383,http://participa.gencat.cat/processes/pressupostosparticipatiusFGC?participatory_process_slug=pressupostosparticipatiusFGC,3100,Crear un Bicibox al Centre Operatiu de Rubí,"","","<p>El projecte vol crear un aparcament segur i protegit, amb presa de corrent, per a bicicletes i patinets del personal al Centre Operatiu de Rubí.</p>","","",11,20000,17,0,2021-06-10 10:30:35 +0200,http://participa.gencat.cat/processes/pressupostosparticipatiusFGC/f/3100/budgets/11/projects/21,"","","",""
22,2325,Anoia,"","",,"","","",383,http://participa.gencat.cat/processes/pressupostosparticipatiusFGC?participatory_process_slug=pressupostosparticipatiusFGC,3100,Instal·lar una porta automàtica d’accés a vies a l’estació de Monistrol Vila,"","","<p>El projecte vol instal·lar una porta automàtica i telecomandada des del Regulador per fer el tancament i obertura de la estació de Monistrol Vila, i per evitar l’entrada de persones a la via i augmentar la seguretat. </p>","","",11,18000,17,0,2021-06-10 10:38:40 +0200,http://participa.gencat.cat/processes/pressupostosparticipatiusFGC/f/3100/budgets/11/projects/22,"","","",""
23,2329,Barcelonès,"","",,"","","",383,http://participa.gencat.cat/processes/pressupostosparticipatiusFGC?participatory_process_slug=pressupostosparticipatiusFGC,3100,Millorar l’espai i l’exposició directa al sol al pati anglès de l’edifici d’oficines de Sarrià,"","","<p>El projecte vol instal·lar una pèrgola, o sistema similar, que eviti l’exposició directa al sol a l'espai ocupat pels bancs actuals al pati anglès de l’edifici d’oficines de Sarrià.</p>","","",11,20000,63,0,2021-06-10 10:43:50 +0200,http://participa.gencat.cat/processes/pressupostosparticipatiusFGC/f/3100/budgets/11/projects/23,"","","",""
24,2328,Cerdanya,"","",,"","","",383,http://participa.gencat.cat/processes/pressupostosparticipatiusFGC?participatory_process_slug=pressupostosparticipatiusFGC,3100,Substituir la moqueta a les oficines de La Molina,"","",<p>El projecte vol substituir la moqueta actual per un material més higiènic.</p>,"","",11,34500,32,0,2021-06-10 10:44:39 +0200,http://participa.gencat.cat/processes/pressupostosparticipatiusFGC/f/3100/budgets/11/projects/24,"","","",""
25,2324,General,"","",,"","","",383,http://participa.gencat.cat/processes/pressupostosparticipatiusFGC?participatory_process_slug=pressupostosparticipatiusFGC,3100,Adequar sales de reunions amb pissarres digitals,"","","<p>El projecte vol instal·lar pissarres digitals a sales de reunions de diferents espais, com ara el Centre Operatiu de Rubí, el Centre Operatiu de Martorell, l’edifici d’oficines de Sarrià, les oficines de Ribes o les de La Molina.</p>","","",11,15000,57,0,2021-06-10 15:46:01 +0200,http://participa.gencat.cat/processes/pressupostosparticipatiusFGC/f/3100/budgets/11/projects/25,"","","",""
26,2336,Vallès Occidental,"","",,"","","",383,http://participa.gencat.cat/processes/pressupostosparticipatiusFGC?participatory_process_slug=pressupostosparticipatiusFGC,3100,Adequar una zona de descans exterior del Centre Operatiu de Rubí,"","",<p>El projecte vol adequar la zona exterior d’accés a la nau de material històric del Centre Operatiu de Rubí per al descans del personal (paviment i mobiliari urbà).</p>,"","",11,39990,61,0,2021-06-10 15:47:09 +0200,http://participa.gencat.cat/processes/pressupostosparticipatiusFGC/f/3100/budgets/11/projects/26,"","","",""
27,2327,Baix Llobregat,"","",,"","","",383,http://participa.gencat.cat/processes/pressupostosparticipatiusFGC?participatory_process_slug=pressupostosparticipatiusFGC,3100,Habilitar una zona d’aparcament coberta al Centre Operatiu de Martorell,"","","<p>El projecte vol habilitar una zona d’aparcament de motos, bicicletes i patinets amb sostre al nou aparcament del personal del Centre Operatiu de Martorell.</p>","","",11,15000,20,0,2021-06-10 15:50:38 +0200,http://participa.gencat.cat/processes/pressupostosparticipatiusFGC/f/3100/budgets/11/projects/27,"","","",""
28,2329,Barcelonès,"","",,"","","",383,http://participa.gencat.cat/processes/pressupostosparticipatiusFGC?participatory_process_slug=pressupostosparticipatiusFGC,3100,Millorar el despatx de l’estació de Pl. Catalunya,"","",<p>Posar un paraigüer i taquilles per al personal del grup T a l’estació de Pl. Catalunya.</p>,"","",11,8000,14,0,2021-06-10 15:51:55 +0200,http://participa.gencat.cat/processes/pressupostosparticipatiusFGC/f/3100/budgets/11/projects/28,"","","",""
29,2324,General,"","",,"","","",383,http://participa.gencat.cat/processes/pressupostosparticipatiusFGC?participatory_process_slug=pressupostosparticipatiusFGC,3100,Dotar l’edifici d’oficines de Sarrià d’expositors per a llibres empresarials,"","","<p>El projecte vol instal·lar quatre expositors o prestatgeries, un per planta, a l’edifici d’oficines de Sarrià, per a compartir els llibres de caire empresarial que es reben periòdicament.</p>","","",11,4000,12,0,2021-06-10 15:54:16 +0200,http://participa.gencat.cat/processes/pressupostosparticipatiusFGC/f/3100/budgets/11/projects/29,"","","",""
30,2324,General,"","",,"","","",383,http://participa.gencat.cat/processes/pressupostosparticipatiusFGC?participatory_process_slug=pressupostosparticipatiusFGC,3100,Equipar aules polivalents a Rubí i Martorell,"","","<p>El projecte vol equipar una aula de formació, de les que habitualment es fa formació al personal de línia, com a aula híbrida, i una com a aula mirall, de manera que permeti que les classes presencials que es fan des d'una aula determinada es puguin seguir, de manera síncrona, en una altra aula de l'empresa o des del domicili. Es faria en una aula de Rubí i en una de Martorell.</p>","","",11,15000,39,0,2021-06-10 15:55:27 +0200,http://participa.gencat.cat/processes/pressupostosparticipatiusFGC/f/3100/budgets/11/projects/30,"","","",""
31,2324,General,"","",,"","","",383,http://participa.gencat.cat/processes/pressupostosparticipatiusFGC?participatory_process_slug=pressupostosparticipatiusFGC,3126,Habilitar un espai de maternitat a Vall de Núria,"","",<p>El projecte vol habilitar la sala Fustanyà de Vall de Nuria com a espai de lactància materna de nadons i de canvi de bolquers. Aquesta serà un prova pilot que es podria convertir en un projecte global a replicar en altres estacions.</p>,"","",12,20000,100,0,2021-06-10 16:16:18 +0200,http://participa.gencat.cat/processes/pressupostosparticipatiusFGC/f/3126/budgets/12/projects/31,"","","",""
32,2331,La Noguera,"","",,"","","",383,http://participa.gencat.cat/processes/pressupostosparticipatiusFGC?participatory_process_slug=pressupostosparticipatiusFGC,3126,Millorar un pas per a persones amb mobilitat reduïda a l’estació de Balaguer,"","","<p>Adequació del pas entre les vies 1 i 2, costat Balaguer, a l’estació de Balaguer, substituint les&nbsp;travesses de fusta actuals per un paviment de cautxú, per a millorar l’accessibilitat de les persones amb mobilitat reduïda.</p>","","",12,39950,139,0,2021-06-10 16:19:30 +0200,http://participa.gencat.cat/processes/pressupostosparticipatiusFGC/f/3126/budgets/12/projects/32,"","","",""
33,2329,Barcelonès,"","",,"","","",383,http://participa.gencat.cat/processes/pressupostosparticipatiusFGC?participatory_process_slug=pressupostosparticipatiusFGC,3126,Instal·lar monitors del Sistema d’Informació al Client a la part ampliada de l’estació de Provença,"","",<p>El projecte vol comprar i instal·lar de dos monitors del Sistema d’Informació al Client a la nova part ampliada de l’andana de la via 1 de l’estació de Provença.</p>,"","",12,15000,81,0,2021-06-10 16:23:06 +0200,http://participa.gencat.cat/processes/pressupostosparticipatiusFGC/f/3126/budgets/12/projects/33,"","","",""
34,2328,Cerdanya,"","",,"","","",383,http://participa.gencat.cat/processes/pressupostosparticipatiusFGC?participatory_process_slug=pressupostosparticipatiusFGC,3126,Substituir les pistes de tenis per pistes de pàdel a La Molina,"","",<p>El projecte vol substituir les pistes de tenis de l’estació de muntanya de La Molina per pistes de pàdel.</p>,"","",12,39500,31,0,2021-06-10 16:24:38 +0200,http://participa.gencat.cat/processes/pressupostosparticipatiusFGC/f/3126/budgets/12/projects/34,"","","",""
35,2331,La Noguera,"","",,"","","",383,http://participa.gencat.cat/processes/pressupostosparticipatiusFGC?participatory_process_slug=pressupostosparticipatiusFGC,3126,Climatitzar l’edifici de viatgers de Balaguer i adquirir un rellotge,"","","<p>El projecte vol climatitzar la sala de viatgers de l’edifici de l’estació de Balaguer, incloent la substitució de les portes per portes automàtiques que garanteixin el tancament i bon funcionament de la climatització, i també adquirir un rellotge per a la mateixa sala.</p>","","",12,39990,61,0,2021-06-10 16:25:58 +0200,http://participa.gencat.cat/processes/pressupostosparticipatiusFGC/f/3126/budgets/12/projects/35,"","","",""
36,2329,Barcelonès,"","",,"","","",383,http://participa.gencat.cat/processes/pressupostosparticipatiusFGC?participatory_process_slug=pressupostosparticipatiusFGC,3126,Millorar la visibilitat de les escales de l’estació de Sarrià,"","","<p>El projecte vol substituir l’escala del vestíbul de Sarrià amb el nou model de les escales de Sarrià, que incorporen tira blanca a l'extrem de graó per evitar caigudes.</p>","","",12,25000,90,0,2021-06-10 16:28:54 +0200,http://participa.gencat.cat/processes/pressupostosparticipatiusFGC/f/3126/budgets/12/projects/36,"","","",""
37,2334,Ripollès,"","",,"","","",383,http://participa.gencat.cat/processes/pressupostosparticipatiusFGC?participatory_process_slug=pressupostosparticipatiusFGC,3126,Senyalitzar les rutes de Núria fins al cim del Puigmal,"","",<p>El projecte vol senyalitzar de manera permanent les rutes excursionistes de Núria fins al cim del Puigmal.</p>,"","",12,12000,108,0,2021-06-10 16:30:15 +0200,http://participa.gencat.cat/processes/pressupostosparticipatiusFGC/f/3126/budgets/12/projects/37,"","","",""
38,2324,General,"","",,"","","",383,http://participa.gencat.cat/processes/pressupostosparticipatiusFGC?participatory_process_slug=pressupostosparticipatiusFGC,3126,Millorar la il·luminació a l'entorn proper de les estacions de Baixador de Vallvidrera i Les Planes,"","","<p>El projecte vol millorar la il·luminació de les estacions de Baixador de Vallvidrera i de Les Planes, ja sigui de la propietat d’FGC o de l’Ajuntament, en funció dels acords als que s’arribin amb el mateix, donat que són propietat seva.</p>","","",12,30000,143,0,2021-06-10 16:33:36 +0200,http://participa.gencat.cat/processes/pressupostosparticipatiusFGC/f/3126/budgets/12/projects/38,"","","",""
39,2324,General,"","",,"","","",383,http://participa.gencat.cat/processes/pressupostosparticipatiusFGC?participatory_process_slug=pressupostosparticipatiusFGC,3126,Emetre píndoles divulgatives a l’interior dels trens,"","",<p>El projecte “El Tren del Saber” vol posar píndoles de divulgació tecnològica i cultural (subtitulades i sense so) a les pantalles de l’interior dels trens.</p>,"","",12,15000,81,0,2021-06-10 16:34:56 +0200,http://participa.gencat.cat/processes/pressupostosparticipatiusFGC/f/3126/budgets/12/projects/39,"","","",""
40,2467,Línies Metropolitanes,"","",,"","","",455,http://participa.gencat.cat/processes/pressupostosparticipatiusFGC2022?participatory_process_slug=pressupostosparticipatiusFGC2022,3581,Instal·lar una marquesina a l’andana de la via 1 de l’estació de Masquefa,"","","<p>El projecte vol instal·lar una marquesina a l’anada de la via 1 de l’estació de Masquefa, a la via 2 ja es disposa de marquesina normalitzada. Com a criteri FGC, les estacions exteriors disposen de marquesines però en cap cas es cobreix la totalitat de l'andana. </p>","","",17,60000,20,0,2022-08-04 10:02:29 +0200,http://participa.gencat.cat/processes/pressupostosparticipatiusFGC2022/f/3581/budgets/17/projects/40,"","","",""
41,2468,Línia Lleida – La Pobla de Segur,"","",,"","","",455,http://participa.gencat.cat/processes/pressupostosparticipatiusFGC2022?participatory_process_slug=pressupostosparticipatiusFGC2022,3581,"Instal·lar rellotges a les andanes de les estacions de Balaguer, Tremp i La Pobla de Segur","","","<p>Instal·lar rellotges a les andanes de les estacions, 4.000€/estació (Balaguer, Tremp, Pobla de Segur)</p>","","",17,12000,29,0,2022-08-04 10:02:38 +0200,http://participa.gencat.cat/processes/pressupostosparticipatiusFGC2022/f/3581/budgets/17/projects/41,"","","",""
42,2467,Línies Metropolitanes,"","",,"","","",455,http://participa.gencat.cat/processes/pressupostosparticipatiusFGC2022?participatory_process_slug=pressupostosparticipatiusFGC2022,3581,Ampliar la marquesina de la via 1 de l’estació de Sant Vicenç dels Horts,"","","<p>El projecte vol ampliar la marquesina de la via 1 de l’estació de Sant Vicenç dels Horts. Com a criteri FGC, les estacions exteriors disposen de marquesines però en cap cas es cobreix la totalitat de l'andana.</p>","","",17,60000,16,0,2022-08-04 10:03:47 +0200,http://participa.gencat.cat/processes/pressupostosparticipatiusFGC2022/f/3581/budgets/17/projects/42,"","","",""
43,2467,Línies Metropolitanes,"","",,"","","",455,http://participa.gencat.cat/processes/pressupostosparticipatiusFGC2022?participatory_process_slug=pressupostosparticipatiusFGC2022,3581,Renovar els lavabos de l’estació de Monistrol Vila,"","",<p>El projecte vol renovar els lavabos de l’estació de Monistrol Vila.</p>,"","",17,65000,20,0,2022-08-04 10:03:55 +0200,http://participa.gencat.cat/processes/pressupostosparticipatiusFGC2022/f/3581/budgets/17/projects/43,"","","",""
44,2469,Turisme,"","",,"","","",455,http://participa.gencat.cat/processes/pressupostosparticipatiusFGC2022?participatory_process_slug=pressupostosparticipatiusFGC2022,3581,Actualitzar les pantalles dels punts d’atenció al client de La Molina,"","","<p>El projecte vol actualitzar les pantalles amb un total de 5 unitats de punts d’atenció al client de La Molina, amb monitor de 43' a les taquilles d’Alp 2500, pista llarga i font Canaleta.</p>","","",17,19000,8,0,2022-09-05 15:57:03 +0200,http://participa.gencat.cat/processes/pressupostosparticipatiusFGC2022/f/3581/budgets/17/projects/44,"","","",""
45,2469,Turisme,"","",,"","","",455,http://participa.gencat.cat/processes/pressupostosparticipatiusFGC2022?participatory_process_slug=pressupostosparticipatiusFGC2022,3581,Instal·lar un plànol interactiu a la plaça de les oficines de La Molina ,"","","<p>El projecte vol instal·lar un plànol interactiu de La Molina amb una pantalla LED exterior a doble cara que es pugui visualitzar per la banda de cotxes i vianants. Inclou subministrament pantalla, suport, muntatge i posada en servei a la plaça de les oficines de La Molina.</p>","","",17,25500,8,0,2022-09-05 15:57:30 +0200,http://participa.gencat.cat/processes/pressupostosparticipatiusFGC2022/f/3581/budgets/17/projects/45,"","","",""
46,2469,Turisme,"","",,"","","",455,http://participa.gencat.cat/processes/pressupostosparticipatiusFGC2022?participatory_process_slug=pressupostosparticipatiusFGC2022,3581,Convertir una pista de tenis en pista de pàdel a La Molina,"","","<p>El projecte vol convertir una pista de tenis en pista de pàdel a La Molina. El preu de pista de pàdel no coberta, inclou, preparació, subministrament i muntatge. En aquest preu no està inclòs el preu del sostre que pot variar segons les condicions meteorològiques. La coberta pot tenir un cost addicional fins a 40.000€.</p>","","",17,22000,29,0,2022-09-05 15:58:00 +0200,http://participa.gencat.cat/processes/pressupostosparticipatiusFGC2022/f/3581/budgets/17/projects/46,"","","",""
47,2469,Turisme,"","",,"","","",455,http://participa.gencat.cat/processes/pressupostosparticipatiusFGC2022?participatory_process_slug=pressupostosparticipatiusFGC2022,3581,Renovar les taules i cadires de l'Autoservei d'Espot,"","",<p>El projecte vol renovar les taules i cadires de l’Autoservei d’Espot. Inclou el cost del mobiliari de 65 taules i 240 cadires.</p>,"","",17,29710,21,0,2022-09-05 15:58:25 +0200,http://participa.gencat.cat/processes/pressupostosparticipatiusFGC2022/f/3581/budgets/17/projects/47,"","","",""
48,2469,Turisme,"","",,"","","",455,http://participa.gencat.cat/processes/pressupostosparticipatiusFGC2022?participatory_process_slug=pressupostosparticipatiusFGC2022,3581,"Substituir el sistema d’enllumenat, per un de més eficient, als espais comuns de l’edifici de Port Ainé ","","",<p>El projecte vol substituir el sistema d’enllumenat dels espais comuns de l’edifici de Port Ainé per un de més eficient. El cost inclou el material i el muntatge.</p>,"","",17,7750,26,0,2022-09-05 15:58:54 +0200,http://participa.gencat.cat/processes/pressupostosparticipatiusFGC2022/f/3581/budgets/17/projects/48,"","","",""
49,2467,Línies Metropolitanes,"","",,"","","",455,http://participa.gencat.cat/processes/pressupostosparticipatiusFGC2022?participatory_process_slug=pressupostosparticipatiusFGC2022,3581,Ampliar la marquesina de les vies 1 i 2 de l’estació de Martorell Enllaç,"","",<p>El projecte vol ampliar la marquesina de les vies 1 i 2 de l’estació de Martorell Enllaç..</p>,"","",17,50000,30,0,2022-09-05 16:04:21 +0200,http://participa.gencat.cat/processes/pressupostosparticipatiusFGC2022/f/3581/budgets/17/projects/49,"","","",""
50,2468,Línia Lleida – La Pobla de Segur,"","",,"","","",455,http://participa.gencat.cat/processes/pressupostosparticipatiusFGC2022?participatory_process_slug=pressupostosparticipatiusFGC2022,3581,Millorar el confort i la informació a la zona d’espera de l’andana de la via 2 i 4 de l’estació de Balaguer,"","",<p>El projecte vol millorar el confort i la informació a la zona d’espera de l’andana de les vies 2 i 4 de l’estació de Balaguer.</p>,"","",17,50000,27,0,2022-09-05 16:04:59 +0200,http://participa.gencat.cat/processes/pressupostosparticipatiusFGC2022/f/3581/budgets/17/projects/50,"","","",""
51,2467,Línies Metropolitanes,"","",,"","","",455,http://participa.gencat.cat/processes/pressupostosparticipatiusFGC2022?participatory_process_slug=pressupostosparticipatiusFGC2022,3581,Millorar la comunicació de la informació d’incidències en diferents idiomes a les estacions ,"","",<p>El projecte preveu crear i difondre missatges d’incidències en diferents idiomes.</p>,"","",17,12000,32,0,2022-09-05 16:05:32 +0200,http://participa.gencat.cat/processes/pressupostosparticipatiusFGC2022/f/3581/budgets/17/projects/51,"","","",""
52,2468,Línia Lleida – La Pobla de Segur,"","",,"","","",455,http://participa.gencat.cat/processes/pressupostosparticipatiusFGC2022?participatory_process_slug=pressupostosparticipatiusFGC2022,3581,Substituir els vidres de les marquesines de les estacions de la línia Lleida-La Pobla de Segur,"","",<p>El projecte vol substituir els vidres de les marquesines de les estacions de la línia Lleida-La Pobla de Segur. El cost és per unitat de marquesina i consisteix en arranjament general i col·locació del vidre. Les estacions de Tremp i La Pobla ja disposen de marquesines de vidre.</p>,"","",17,18000,18,0,2022-09-05 16:06:04 +0200,http://participa.gencat.cat/processes/pressupostosparticipatiusFGC2022/f/3581/budgets/17/projects/52,"","","",""
53,2469,Turisme,"","",,"","","",455,http://participa.gencat.cat/processes/pressupostosparticipatiusFGC2022?participatory_process_slug=pressupostosparticipatiusFGC2022,3581,Rehabilitar els edificis de sortida i arribada del telecadira de l’Standard de La Molina,"","","<p>El projecte vol rehabilitar els edificis de sortida i arribada de telecadira de l’Standard de La Molina. El cost de la proposta només inclouria pintura, neteja de voltants i sanejaments dels edificis. Inclouria l’edifici de l’estació inferior telecabina, bonasort i estació superior telecabina de l'estació. </p>","","",17,28000,28,0,2022-09-05 16:06:32 +0200,http://participa.gencat.cat/processes/pressupostosparticipatiusFGC2022/f/3581/budgets/17/projects/53,"","","",""
54,2469,Turisme,"","",,"","","",455,http://participa.gencat.cat/processes/pressupostosparticipatiusFGC2022?participatory_process_slug=pressupostosparticipatiusFGC2022,3581,Instal·lar una estructura per a publicitat a l’aparcament del Pedró a La Molina,"","","<p>El projecte vol instal·lar una estructura per a publicitat a l’aparcament del Pedró a La Molina. Des de l'ajuntament de Toses, es demana col·locar una estructura fixa publicitària per tapar una casa que està situada a l'aparcament del Pedró. Actualment aquesta casa, concretament la façana que dona al públic de l'estació, està totalment grafitada. </p>","","",17,4200,4,0,2022-09-05 16:07:04 +0200,http://participa.gencat.cat/processes/pressupostosparticipatiusFGC2022/f/3581/budgets/17/projects/54,"","","",""
55,2467,Línies Metropolitanes,"","",,"","","",455,http://participa.gencat.cat/processes/pressupostosparticipatiusFGC2022?participatory_process_slug=pressupostosparticipatiusFGC2022,3581,Incrementar la il·luminació a l’entorn de l’estació de Martorell Central,"","",<p>El projecte vol incrementar la il·luminació a l’entorn de l’estació de Martorell Central.</p>,"","",17,15000,43,0,2022-09-05 16:07:32 +0200,http://participa.gencat.cat/processes/pressupostosparticipatiusFGC2022/f/3581/budgets/17/projects/55,"","","",""
56,2469,Turisme,"","",,"","","",455,http://participa.gencat.cat/processes/pressupostosparticipatiusFGC2022?participatory_process_slug=pressupostosparticipatiusFGC2022,3581,Millorar l’accessibilitat del camí des del Santuari a l’ermita de Sant Gil a Vall de Núria,"","",<p>El projecte vol millorar l’accessibilitat del camí des del Santuari a l’ermita de Sant Gil a Vall de Núria.</p>,"","",17,29600,30,0,2022-09-05 16:08:05 +0200,http://participa.gencat.cat/processes/pressupostosparticipatiusFGC2022/f/3581/budgets/17/projects/56,"","","",""
57,2469,Turisme,"","",,"","","",455,http://participa.gencat.cat/processes/pressupostosparticipatiusFGC2022?participatory_process_slug=pressupostosparticipatiusFGC2022,3581,Senyalitzar els senders entre l’aparcament de la base del telecabina Alp 2500 i la zona del llac inferior a La Molina,"","","<p>Millora i adequació de la ruta de la fauna com a sender fins les activitats del llac de La Molina, entre l’aparcament de la base del telecabina Alp 2500 i la zona del llac inferior a La Molina. Ampliació de la ruta de la fauna al llac superior per augmentar el sender. Inclou feines de posada en servei, manteniment i preparació per l'activitat. </p>","","",17,18000,22,0,2022-09-05 16:08:29 +0200,http://participa.gencat.cat/processes/pressupostosparticipatiusFGC2022/f/3581/budgets/17/projects/57,"","","",""
58,2495,Línies Metropolitanes,"","",,"","","",556,http://participa.gencat.cat/processes/pressupostosparticipatiusFGC2023?participatory_process_slug=pressupostosparticipatiusFGC2023,3688,Instal·lar una barana de protecció al funicular de Gelida,"","",<p>Instal·lació d'una barana de seguretat a la plataforma que hi ha a l'entrada de la sala d'espera de Gelida superior.</p>,"","",19,1500,32,0,2023-09-21 09:43:55 +0200,http://participa.gencat.cat/processes/pressupostosparticipatiusFGC2023/f/3688/budgets/19/projects/58,"","","",""
59,2495,Línies Metropolitanes,"","",,"","","",556,http://participa.gencat.cat/processes/pressupostosparticipatiusFGC2023?participatory_process_slug=pressupostosparticipatiusFGC2023,3688,Instal·lar un nou monitor d’informació a la via 2 de l’estació de Sant Quirze,"","","<p>Hi ha una mancança d'informació a l'estació de Sant Quirze, l'accés del petit vestíbul que dona al pàrquing a via 2 no disposa de monitor SIC. Una vegada la gent aparca, no pot veure quan sort el següent tren a no ser que accedeixi dins de l'andana travessant les validadores.</p>","","",19,9625,33,0,2023-09-21 11:46:57 +0200,http://participa.gencat.cat/processes/pressupostosparticipatiusFGC2023/f/3688/budgets/19/projects/59,"","","",""
60,2495,Línies Metropolitanes,"","",,"","","",556,http://participa.gencat.cat/processes/pressupostosparticipatiusFGC2023?participatory_process_slug=pressupostosparticipatiusFGC2023,3688,Instal·lar monitors informatius  a les estacions de Pl. Espanya i Europa|Fira,"","","<p>Donat l'alt volum de passatge queesmou entre les estacions d'Europa/Fira i Plaça Espanya durant els esdeveniments anuals que trobem a la Fira Barcelona Gran Via. Proposo instal·lar Displaysambdues estacions com l'utilitzat a Provença.</p><p>Amb l'objectiu de comunicar-nos amb les masses de passatge sense haver de fer ús la megafonia, la qual no sempre és efectiva per diversos factors com són: volum, altres sorolls com a trens o afluència de gent, altaveus en mal estat o missatges que no sentim clars.</p><p>Considero que és una eina que pot afavorir les comunicacions amb els usuaris no habituals i facilitar la tasca de tots els treballadors presents en aquests esdeveniments.</p>","","",19,48125,51,0,2023-09-21 11:49:19 +0200,http://participa.gencat.cat/processes/pressupostosparticipatiusFGC2023/f/3688/budgets/19/projects/60,"","","",""
61,2495,Línies Metropolitanes,"","",,"","","",556,http://participa.gencat.cat/processes/pressupostosparticipatiusFGC2023?participatory_process_slug=pressupostosparticipatiusFGC2023,3688,Retolar les escales de l’estació de Provença per a dinamitzar la mobilitats dels viatgers,"","","<p>Es proposa retolar les escales de les estacions amb indicacions que dinamitzin la mobilitat dels viatgers, i millorin la percepció del trajecte del viatger a les estacions.</p><p>S'adjunten exemples (numerats).</p><p>Es poden indicar carrils ràpids i lents (3), de pujada i baixada (5), número de calories consumides a cada esglaó (1), assistència a invidents (4), marcar els esglaons amb adhesius fosforescents per a situacions d'emergència, indicar les connexions i destinacions als propis esglaons (2).</p><p>Especialment per estacions de màxima afluència.</p>","","",19,8000,37,0,2023-09-21 11:51:29 +0200,http://participa.gencat.cat/processes/pressupostosparticipatiusFGC2023/f/3688/budgets/19/projects/61,"","","",""
62,2497,Turisme,"","",,"","","",556,http://participa.gencat.cat/processes/pressupostosparticipatiusFGC2023?participatory_process_slug=pressupostosparticipatiusFGC2023,3688,Instal·lar una estructura per a publicitat a l’aparcament del Pedró de La Molina,"","","<p>Rètol informatiu per posar publicitat estàtica a la barraca situada a l'entrada dels Alabaus, dins el terme municipal de Toses.</p>","","",19,4000,9,0,2023-09-21 11:53:05 +0200,http://participa.gencat.cat/processes/pressupostosparticipatiusFGC2023/f/3688/budgets/19/projects/62,"","","",""
63,2497,Turisme,"","",,"","","",556,http://participa.gencat.cat/processes/pressupostosparticipatiusFGC2023?participatory_process_slug=pressupostosparticipatiusFGC2023,3688,Adequar el web i app perquè proporcioni a les persones visitants de les explotacions de turisme informació sobre indicadors de sostenibilitat relacionats amb la seva visita,"","","<p>“EcoTurisme” hauria de proporcionar en els buscadors d’horaris i procés de compra variables d’informació de l’impacte ambiental de la visita i el desplaçament en números absoluts i/o relatius i associats a elements fàcilment comprensibles a “escala humana”. La informació seleccionada hauria de mostrar-se en el procés final de compra i en el mitjà de confirmació.</p><p>Les propostes d’informació podrien ser: emissions GEH de la visita i relació amb la captació de carboni d’uns arbres, d’una hectàrea de bosc o de prat, aigua utilitzada per visitant i comparació amb l’aigua necessària per produir un filet de vedella, energia elèctrica consumida per visitant i relació amb la necessària per a produir un cafè de càpsules, i altres que siguin possibles en funció de cada explotació.</p><p>Opció a oferir de manera voluntària a les persones al finalitzar el procés de compra: càlcul de les emissions GEH de desplaçament en funció del mitjà de desplaçament (vehicle privat d’us individual, compartir, desplaçaments col·lectius com busos i tren) i possibilitat de compensar les emissions.</p>","","",19,40000,35,0,2023-09-21 11:59:30 +0200,http://participa.gencat.cat/processes/pressupostosparticipatiusFGC2023/f/3688/budgets/19/projects/63,"","","",""
64,2497,Turisme,"","",,"","","",556,http://participa.gencat.cat/processes/pressupostosparticipatiusFGC2023?participatory_process_slug=pressupostosparticipatiusFGC2023,3688,Instal·lar un aixopluc a la via 2 de l’estació de Queralbs,"","","<p>Col·locar un petit teulat a la via 2 de Queralbs, els dies de pluja i neu el client no te cap lloc a la via 2 per estar sense mullar-se.</p>","","",19,15000,53,0,2023-09-21 12:09:22 +0200,http://participa.gencat.cat/processes/pressupostosparticipatiusFGC2023/f/3688/budgets/19/projects/64,"","","",""
65,2497,Turisme,"","",,"","","",556,http://participa.gencat.cat/processes/pressupostosparticipatiusFGC2023?participatory_process_slug=pressupostosparticipatiusFGC2023,3688,Aplicar mesures de restauració ecològica en les zones degradades i/o marges no aprofitats de Vall de Núria i La Molina,"","","<p>Les estacions d’esquí i muntanya d’FGC tenen algunes zones degradades o marges no aprofitats que es podrien restaurar des d’una perspectiva ecològica. Per exemple, es podrien restaurar talussos naturals degradats, es podrien mimetitzar alguns talussos artificials a través de construccions de pedra seca o es podrien enjardinar algunes zones de pàrquing amb plantes autòctones resistents al canvi climàtic. Aquestes mesures es podrien acompanyar amb panells informatius sobre la importància de la restauració ecològica i els beneficis d’augmentar la biodiversitat local.</p>","","",19,24000,97,0,2023-09-21 12:11:29 +0200,http://participa.gencat.cat/processes/pressupostosparticipatiusFGC2023/f/3688/budgets/19/projects/65,"","","",""
66,2497,Turisme,"","",,"","","",556,http://participa.gencat.cat/processes/pressupostosparticipatiusFGC2023?participatory_process_slug=pressupostosparticipatiusFGC2023,3688,Instal·lar un parc lúdic a Espot,"","","<p>Dissenyar un espai de parc lúdic adient per poder realitzar les activitats en bones condicions. Realitzant un tancament de la zona per tal d'acotar l'espai, anivellar i resembrar l'espai per poder funcionar amb el mínim de neu possible. Dotar d'un altre canó de neu la zona per poder assegurar la neu a la pista de trineus. Construir un magatzem per guardar el material diari d'ús (trineus, joguines, tubings, xarxes ...) Col·locar taules exteriors per poder aprofitar l'espai quan fa bon temps.</p>","","",19,80000,20,0,2023-09-21 12:13:22 +0200,http://participa.gencat.cat/processes/pressupostosparticipatiusFGC2023/f/3688/budgets/19/projects/66,"","","",""
67,2497,Turisme,"","",,"","","",556,http://participa.gencat.cat/processes/pressupostosparticipatiusFGC2023?participatory_process_slug=pressupostosparticipatiusFGC2023,3688,Instal·lar un mapa interactiu a l’estació de Montserrat Monestir,"","","<p>Molts són els visitants a Montserrat que es confonen amb els diferents transports que ofereix la muntanya. Per això proposo que a l'estació de Montserrat Monestir s'instal·lés un mapa on es puguin ubicar els diferents transports amb el seu recorregut, curiositats sobre aquests i les rutes. Per fer-ho més dinàmic i atractiu podria ser interactiu, d'aquesta manera als treballadors ens seria de gran utilitat poder donar un bon servei i el client tindria més visió i coneixement del recorregut dels transports.</p>","","",19,13000,22,0,2023-09-21 12:14:14 +0200,http://participa.gencat.cat/processes/pressupostosparticipatiusFGC2023/f/3688/budgets/19/projects/67,"","","",""
68,2497,Turisme,"","",,"","","",556,http://participa.gencat.cat/processes/pressupostosparticipatiusFGC2023?participatory_process_slug=pressupostosparticipatiusFGC2023,3688,Adquirir un radiotelescopi per a sessions amb meteorologia adversa al Parc Astronòmic del Montsec,"","","<p>Un radiotelescopi pot estar operatiu durant el dia, la nit i, fins i tot, en condicions meteorològiques adverses. En conseqüència, es resoldria un dels grans hàndicaps que tenim amb les visites: la meteorologia. El temps és l'única variable que no podem controlar i que pot interferir amb una bona experiència per part dels visitants. La part en directe es veu minvada quan tenim núvols o pluja. L'observació d'objectes al cel en directe és una part molt important i esperada pels visitants i seria una millora significativa. </p>","","",19,50000,38,0,2023-09-21 12:15:23 +0200,http://participa.gencat.cat/processes/pressupostosparticipatiusFGC2023/f/3688/budgets/19/projects/68,"","","",""
69,2497,Turisme,"","",,"","","",556,http://participa.gencat.cat/processes/pressupostosparticipatiusFGC2023?participatory_process_slug=pressupostosparticipatiusFGC2023,3688,Millorar la informació sobre l’ús dels remuntadors a les estacions d’esquí,"","","<p>Fa tres anys que he començat a esquiar, i he notat que a pràcticament tots els remuntadors que he fet servir hi ha molta gent com jo que no té experiència i no sap com fer servir-ho, això provoca que el personal hagi d'estar informant els usuaris de com ho han de fer i comporta que les cues s'allarguin, empitjorant l'experiència d'ús de l'estació. Tot i que sempre hem tingut la gran sort de que el personal ha sigut molt amable i pacients. Crec que seria important instal·lar a les casetes dels remuntadors panells (infografies) o monitors informatius (amb petits vídeos) explicant com s'ha de fer ús d'aquests. Així els esquiadors podran agafar el remuntador i sabran com fer-ho.</p>","","",19,12000,13,0,2023-09-21 12:16:42 +0200,http://participa.gencat.cat/processes/pressupostosparticipatiusFGC2023/f/3688/budgets/19/projects/69,"","","",""
70,2497,Turisme,"","",,"","","",556,http://participa.gencat.cat/processes/pressupostosparticipatiusFGC2023?participatory_process_slug=pressupostosparticipatiusFGC2023,3688,Crear un espai per a la producció de pòdcasts o continguts similars de temàtica astronòmica al Parc Astronòmic del Montsec,"","","<p>Crec que el Parc Astronòmic del Montsec pot ser l'encarregat ideal per emplenar aquest buit en la nostra llengua i fer-ho amb la màxima qualitat. Però no disposa de l'espai adient per a la creació d'aquests continguts. Per tant, la meva proposta és que invertiu en les obres necessàries per a la creació d'un petit estudi de ràdio on un mínim de tres persones puguin fer els enregistraments.</p><p>Aquest espai podria ajudar als visitants del PAM tant a preparar la seva visita com a ampliar coneixements a posteriori. També ajudaria al PAM a fer-se escoltar, promocionar-se a ells mateixos i a la comarca, ii seria fàcil guanyar oients fent-ne promoció als visitants, que d'entrada ja estan interessats en l'astronomia.</p>","","",19,14000,17,0,2023-09-21 12:18:30 +0200,http://participa.gencat.cat/processes/pressupostosparticipatiusFGC2023/f/3688/budgets/19/projects/70,"","","",""
71,2497,Turisme,"","",,"","","",556,http://participa.gencat.cat/processes/pressupostosparticipatiusFGC2023?participatory_process_slug=pressupostosparticipatiusFGC2023,3688,Adequar el sender del llac inferior al superior de La Molina,"","",<p>Sender 2ª FASE des del llac inferior al llac superior i prolongació fins la pista llarga.</p>,"","",19,20000,63,0,2023-09-21 12:19:27 +0200,http://participa.gencat.cat/processes/pressupostosparticipatiusFGC2023/f/3688/budgets/19/projects/71,"","","",""
72,2497,Turisme,"","",,"","","",556,http://participa.gencat.cat/processes/pressupostosparticipatiusFGC2023?participatory_process_slug=pressupostosparticipatiusFGC2023,3688,Ordenar la zona de salts a la part inferior del circuit de bicicleta tot terreny a La Molina,"","","<p>El circuit del bike park, en la seva zona inferior, just abans d'arribar al pàrquing del telecabina Alp2500, hi ha una zona de salts amb diferents monticles i recorreguts alternatius. Donat que és una àrea propera a les oficines, a l'aparcament i a la zona de tirolines, és bastant transitada pels turistes i visitants. Aquesta circumstància representa un cert risc que aquests vianants obstaculitzin el pas de les bikes, però alhora dona l'oportunitat que aquestes persones siguin espectadores privilegiades de com els ""riders"" efectuen els salts. Es proposa efectuar una ordenació d'aquesta zona de manera que: a) es millori el seu aspecte a l'interior, delimitant les rutes de pas de les bikes i deixant zona verda al mig b) ubicant una tanca lateral de fusta, amb uns bancs per seure al darrere i dotant-la d'ombra (arbres) per tal que els espectadors gaudeixin de les baixades dels riders amb certa comoditat.</p>","","",19,6000,29,0,2023-09-21 12:20:49 +0200,http://participa.gencat.cat/processes/pressupostosparticipatiusFGC2023/f/3688/budgets/19/projects/72,"","","",""
